loan_id,loan_default_pred,prob
7001,1,0.5061993141083965
7002,0,0.4535076084552216
7003,0,0.4782242726136818
7004,1,0.5066906736849263
7005,0,0.462846062148502
7006,0,0.4497586990380071
7007,0,0.25002029290098515
7008,1,0.5596210593071511
7009,1,0.5527069534189303
7010,1,0.5644152442483399
7011,1,0.5343161819027265
7012,1,0.5880240014778015
7013,0,0.452990105296824
7014,1,0.6140418296013131
7015,1,0.5386905470050871
7016,0,0.48271474147263504
7017,1,0.6074169590392886
7018,1,0.6444234535567965
7019,0,0.424768918275694
7020,1,0.5699483251801052
7021,0,0.4859044541815322
7022,1,0.5505670878285285
7023,1,0.6233181901217089
7024,1,0.6241168839499933
7025,0,0.4121199695732023
7026,0,0.4227494656226747
7027,1,0.5118827948220808
7028,0,0.43260654810698423
7029,0,0.4111894720951765
7030,0,0.25961643769486753
7031,1,0.5044749350515342
7032,0,0.44120220052043035
7033,0,0.47702195324966223
7034,1,0.6310599076450513
7035,1,0.6193176082454359
7036,0,0.3817425782468296
7037,0,0.4626745646013215
7038,1,0.564354074403
7039,0,0.4149777000746582
7040,0,0.48599650046364146
7041,0,0.44897054436160894
7042,1,0.5720871461103535
7043,1,0.6379257504838122
7044,1,0.5006980066748731
7045,1,0.5730381075122787
7046,0,0.2822652205533054
7047,0,0.38321130281657084
7048,1,0.6304036777743857
7049,0,0.3553060054415322
7050,0,0.4833746617198399
7051,0,0.3482393900560096
7052,0,0.4516707975183619
7053,1,0.5219004043382431
7054,0,0.4345447927630283
7055,1,0.6301586252063788
7056,1,0.5337781047461991
7057,1,0.5337680272465571
7058,0,0.4215247861414903
7059,1,0.5179464839363904
7060,1,0.6286916536139192
7061,0,0.4866420321086681
7062,0,0.4183017003273516
7063,0,0.48824306268873086
7064,0,0.4660139650783592
7065,1,0.6249003811646046
7066,1,0.5796851962756877
7067,1,0.5156146771540993
7068,0,0.47591618227901133
7069,1,0.6159697074086855
7070,1,0.6475139336864802
7071,0,0.47700142161411996
7072,1,0.6224512541099584
7073,0,0.3106462909775784
7074,0,0.4630895541857941
7075,0,0.2890816690507559
7076,0,0.48633575080921615
7077,1,0.5325554141590416
7078,0,0.4416272455132691
7079,0,0.38717257307601693
7080,0,0.2849633334841601
7081,0,0.3746709302663757
7082,1,0.5126349961949029
7083,1,0.5852633703154649
7084,0,0.4349327615403672
7085,0,0.46705638214002326
7086,1,0.5888678758331554
7087,0,0.38394953104959073
7088,0,0.31664700088807085
7089,1,0.5807562665096445
7090,0,0.43674319827260366
7091,0,0.39094207772853595
7092,1,0.5061709143802032
7093,0,0.3995282895085721
7094,0,0.4283528345443759
7095,0,0.4356367582169764
7096,0,0.47240653891677514
7097,0,0.4576935764606234
7098,1,0.5964453768350855
7099,0,0.4465079917541372
7100,0,0.328540104984793
7101,1,0.5412993374497886
7102,1,0.5583902230038295
7103,1,0.6050634754822659
7104,1,0.5887037968324768
7105,1,0.6171130657135674
7106,0,0.39343391430364427
7107,1,0.5756928381879245
7108,1,0.5244439901149073
7109,1,0.5172665667549591
7110,1,0.5501882523235817
7111,1,0.5166204170001155
7112,1,0.5792861053282293
7113,1,0.6152723773025253
7114,1,0.6116970758434167
7115,0,0.4245722867307481
7116,1,0.6156888929319456
7117,0,0.369782662064605
7118,1,0.5648383886410125
7119,1,0.5243811006090967
7120,0,0.24458196838001625
7121,0,0.4974845580881425
7122,1,0.606758304615711
7123,0,0.4542325585193705
7124,0,0.49666103394643396
7125,1,0.5473936654365856
7126,1,0.6892676280054987
7127,1,0.5017885687389418
7128,1,0.6522030432468322
7129,1,0.6026711219366467
7130,1,0.6049915378613698
7131,1,0.5282396542374066
7132,1,0.5060952621877701
7133,1,0.589612232935396
7134,1,0.6090720496711616
7135,0,0.48165700108468623
7136,1,0.5997903014035385
7137,0,0.43786942741639506
7138,1,0.5405810618604434
7139,0,0.3872757244878858
7140,1,0.5674459723284582
7141,0,0.4820418399500152
7142,0,0.45623130971844195
7143,0,0.4942257290553002
7144,0,0.42812420551177205
7145,0,0.37295100244230195
7146,0,0.33321050751689896
7147,0,0.46153166346351954
7148,1,0.6594511546752866
7149,1,0.52069868084633
7150,0,0.4535207713303124
7151,1,0.5018894162090209
7152,0,0.24032737351987968
7153,0,0.4995618749851532
7154,1,0.576018927852314
7155,0,0.474105357798389
7156,0,0.48130472334651436
7157,0,0.41091164954746034
7158,1,0.6468894366916021
7159,0,0.4840027807145358
7160,0,0.408818273461691
7161,0,0.47095371408988795
7162,1,0.6155269080691232
7163,0,0.403069422798886
7164,0,0.4174009682302331
7165,1,0.5783123530024681
7166,1,0.5361119027814548
7167,0,0.49121529660279456
7168,0,0.48287939291469817
7169,0,0.4609875331452287
7170,0,0.36403500304439707
7171,1,0.5469033399941009
7172,0,0.4750808523233706
7173,1,0.610372071357078
7174,1,0.538637061995293
7175,1,0.577911825977977
7176,0,0.4256898479087574
7177,0,0.40576669427359446
7178,0,0.40976328804590195
7179,0,0.4449291480621279
7180,0,0.3439117570575301
7181,1,0.5411566699753698
7182,0,0.49987306398999065
7183,1,0.6403145215414465
7184,0,0.46139620836401096
7185,0,0.4441799172524227
7186,1,0.5408708746644474
7187,0,0.4777594538242818
7188,1,0.55580598725051
7189,1,0.5415143221879058
7190,1,0.5364825858380762
7191,0,0.3211421032180135
7192,0,0.47550329263244195
7193,1,0.5618292885025118
7194,1,0.5026506100700104
7195,1,0.5119704469683386
7196,1,0.5799571943620764
7197,1,0.5432150302461738
7198,1,0.5024136974816922
7199,0,0.446205338548192
7200,1,0.5786105492601264
7201,0,0.4934235375770817
7202,1,0.6050994708794792
7203,1,0.5916322734376245
7204,1,0.6335585413577577
7205,0,0.48339459072068836
7206,0,0.43021649818384516
7207,0,0.38178881653047
7208,1,0.5332484783067165
7209,1,0.5775563403705873
7210,1,0.5696536511108309
7211,0,0.4325546081486759
7212,0,0.48003648390715703
7213,1,0.5271168171258968
7214,0,0.44495799746976133
7215,1,0.527171234561139
7216,1,0.546564798225991
7217,1,0.5733538426964697
7218,1,0.5141055943400015
7219,1,0.582351109077537
7220,0,0.4777908793628782
7221,1,0.6676471983881275
7222,0,0.4832529957204729
7223,1,0.5272583621021854
7224,0,0.4585130874983415
7225,1,0.5025788248481572
7226,1,0.5949650681426619
7227,0,0.34743959226385085
7228,1,0.5549891225885932
7229,0,0.2265103692540151
7230,0,0.45711414516664955
7231,1,0.5577995130564904
7232,1,0.5769312262227159
7233,1,0.5120896770204174
7234,1,0.5860099588814537
7235,1,0.5549349590415161
7236,1,0.5659377169898502
7237,1,0.7171126944294044
7238,1,0.5902705604095534
7239,1,0.6780142290556276
7240,1,0.6168959303347215
7241,0,0.4007903464697463
7242,0,0.49942133701908276
7243,0,0.4018122707196917
7244,1,0.523003557707651
7245,1,0.5668733804950677
7246,1,0.6144412828606743
7247,1,0.5613936330075767
7248,1,0.5620631627632968
7249,1,0.5697595410768808
7250,1,0.5171168639830711
7251,1,0.501746297360317
7252,1,0.524193824861373
7253,0,0.4684998480963656
7254,0,0.3633512780615432
7255,0,0.46719318388536474
7256,0,0.39737177060637946
7257,1,0.584602874746662
7258,1,0.5342389766901343
7259,1,0.5410806628797338
7260,1,0.5032507636634859
7261,0,0.33560249530629455
7262,1,0.5504821959150167
7263,0,0.3233318052387412
7264,0,0.4241665304320574
7265,1,0.5785208481145775
7266,1,0.5601621391571137
7267,1,0.5823880277285227
7268,0,0.43996469418140416
7269,1,0.6089768404257487
7270,1,0.5369650624649717
7271,1,0.5436820298376828
7272,0,0.23087529742326354
7273,1,0.6052292161291264
7274,0,0.38770202471819104
7275,1,0.7070865899364327
7276,1,0.509683369165641
7277,0,0.44975426759316056
7278,0,0.4758884398473066
7279,1,0.5022233726267176
7280,1,0.5330765209242625
7281,0,0.3235848622089809
7282,1,0.5176056843249377
7283,1,0.5297597468162687
7284,0,0.3261787838576227
7285,1,0.5965490033993998
7286,1,0.5096105805936191
7287,0,0.3456823590260976
7288,1,0.5345048759802074
7289,0,0.41353558557339587
7290,0,0.46725081798620394
7291,1,0.6128111709010866
7292,0,0.47790971830889767
7293,1,0.6018532029113767
7294,1,0.5395920660789781
7295,1,0.5050323081203462
7296,1,0.6941707138087924
7297,0,0.4828156695392033
7298,1,0.5562125692504039
7299,0,0.3683188088786762
7300,1,0.5743218403957733
7301,1,0.5261720194307631
7302,0,0.37571747757775026
7303,1,0.6263038809495692
7304,1,0.5958089488676879
7305,1,0.5155137680092403
7306,1,0.5384291753927929
7307,1,0.5574732725331024
7308,1,0.6648749449982081
7309,1,0.5309105951088441
7310,1,0.6209003891916176
7311,1,0.5152128580374806
7312,0,0.4590176317775212
7313,0,0.46459385124881686
7314,1,0.5083870829468098
7315,1,0.5458471717522909
7316,1,0.5285228604306774
7317,1,0.647015088042702
7318,0,0.3361306013676165
7319,0,0.42063762578863917
7320,0,0.41909592961744596
7321,1,0.588066988460968
7322,1,0.5623895294239493
7323,0,0.4937703667865726
7324,1,0.6330311670879659
7325,1,0.6092815710007585
7326,0,0.41140335170556785
7327,1,0.5121189927341506
7328,0,0.40801613504389384
7329,1,0.5669830566000852
7330,0,0.43505149885368744
7331,1,0.6036256357408579
7332,0,0.37642337061816544
7333,0,0.44674068293742536
7334,0,0.4846381075597177
7335,1,0.5017680526794913
7336,0,0.39242956317061756
7337,1,0.5401517681470204
7338,0,0.3458672343168255
7339,0,0.411775445698309
7340,1,0.5401214592250482
7341,0,0.43201322361329797
7342,0,0.45400974895978086
7343,1,0.5854890236973637
7344,0,0.3840330073308423
7345,1,0.5390119001394812
7346,1,0.523577143083514
7347,1,0.5937524245869568
7348,1,0.500880902321152
7349,1,0.6029909771700062
7350,1,0.567104121115824
7351,0,0.4941487671310456
7352,0,0.4555911666511624
7353,0,0.38460308182828085
7354,1,0.5835937641817112
7355,1,0.5140036215885075
7356,1,0.5929462986069164
7357,1,0.6248847714390229
7358,1,0.675265448171344
7359,0,0.4815038949571182
7360,0,0.44937668137957565
7361,0,0.49814960948543036
7362,1,0.5927441200104102
7363,1,0.5527632946468671
7364,1,0.5843261107195132
7365,1,0.5240315794642177
7366,1,0.5529438679560901
7367,1,0.5685192877340774
7368,1,0.519759335251595
7369,1,0.5224609729280149
7370,0,0.4677535455878266
7371,1,0.6277453331413487
7372,0,0.4798526322063848
7373,0,0.3963111261269771
7374,1,0.5448343414040363
7375,0,0.45278861394015785
7376,1,0.5629944388860644
7377,0,0.49779906545996383
7378,1,0.5622348563889499
7379,1,0.5224869741700922
7380,1,0.5805739554873312
7381,0,0.487344350332582
7382,0,0.319904719073264
7383,1,0.5622433580834973
7384,1,0.5288945683981814
7385,0,0.37461196912521183
7386,1,0.5052889418880955
7387,1,0.6164751433214406
7388,1,0.5375491010399261
7389,1,0.5305045264475875
7390,0,0.459969210576239
7391,1,0.5372247912488234
7392,1,0.5741172372910014
7393,1,0.5939916955353142
7394,1,0.5058743931600062
7395,1,0.5129451375920818
7396,1,0.6645834282838747
7397,1,0.5943777611311962
7398,1,0.6332412855576459
7399,1,0.5420033567658761
7400,1,0.5823095581527137
7401,1,0.5272242871090944
7402,0,0.42941535242317896
7403,1,0.5981420790371832
7404,0,0.483124182203203
7405,1,0.5101349085083853
7406,0,0.4334821970646641
7407,1,0.5339385649254405
7408,0,0.4227242341763611
7409,1,0.6248046075012614
7410,1,0.621052533781182
7411,0,0.4028136725745601
7412,0,0.46544722304275615
7413,0,0.4834521169076974
7414,1,0.501846048650236
7415,0,0.47417840899396857
7416,1,0.537323624661212
7417,1,0.6221221368784371
7418,1,0.5137763214232615
7419,1,0.5105190569760275
7420,1,0.5231654884980248
7421,1,0.5668806467098728
7422,1,0.5573433037293355
7423,0,0.38995343630513096
7424,0,0.30830731728934185
7425,0,0.46494987611350075
7426,0,0.2075039542833321
7427,0,0.41773011071062505
7428,1,0.6015846251048856
7429,1,0.589764340895307
7430,0,0.48427751567299016
7431,0,0.4666452267956282
7432,1,0.5621245086566333
7433,1,0.6315430752205848
7434,0,0.4910874760586608
7435,0,0.42373283226482017
7436,1,0.60220013301504
7437,1,0.6906136940281612
7438,1,0.5451313904993067
7439,1,0.5124535937950085
7440,0,0.4670370432912775
7441,0,0.4615896430533923
7442,1,0.5329169403183971
7443,0,0.42393480256876537
7444,1,0.6132543723279192
7445,1,0.5418539419740139
7446,0,0.4095260404687116
7447,0,0.48089140873657726
7448,1,0.5568762894836966
7449,1,0.537375899773777
7450,1,0.5543996623829132
7451,0,0.37534063017496677
7452,1,0.5399482094242596
7453,1,0.6291253470780838
7454,0,0.3278884063415136
7455,0,0.482742036230909
7456,1,0.5617588955842097
7457,0,0.4852771552173536
7458,0,0.491554614197404
7459,0,0.44881015410289476
7460,1,0.57804521450234
7461,0,0.2781617146635304
7462,1,0.5430107160985028
7463,1,0.5142591502049374
7464,0,0.22197787534242666
7465,0,0.4999719731419584
7466,1,0.5926910831484109
7467,1,0.5727334582866036
7468,1,0.500667254305205
7469,1,0.5144542626071702
7470,0,0.3748436402120944
7471,1,0.6187410130049551
7472,0,0.4915337159039104
7473,0,0.4694475924456761
7474,0,0.44080271202044385
7475,1,0.5529994429760288
7476,1,0.5193569119047832
7477,1,0.5499498581694982
7478,1,0.5349793049784786
7479,1,0.603366020988743
7480,0,0.47135008503995274
7481,0,0.4979492968107595
7482,1,0.5780271615973758
7483,1,0.6291577516307302
7484,1,0.5590073501639725
7485,0,0.41855150295236315
7486,0,0.48067653202456534
7487,1,0.5438301092933393
7488,1,0.5589630810020878
7489,0,0.3558354582557494
7490,1,0.6383512016584119
7491,1,0.593130557334921
7492,1,0.5330346991848008
7493,1,0.5349872078888349
7494,0,0.3902777046111581
7495,1,0.6042256998622357
7496,0,0.4085902904816627
7497,1,0.5882776814075792
7498,1,0.5488984403892366
7499,0,0.49679889686267376
7500,1,0.5889175782911173
7501,1,0.6678775104545753
7502,1,0.5503956513975917
7503,1,0.5984233549984227
7504,0,0.38631266705263995
7505,1,0.6502600834875126
7506,1,0.5337634691236629
7507,1,0.6871214300242726
7508,1,0.566140446824873
7509,1,0.564067791756955
7510,0,0.28496091197675644
7511,0,0.39541565902445946
7512,0,0.42987612649107815
7513,0,0.38710071668698337
7514,0,0.43242557374479335
7515,1,0.5062864841267042
7516,1,0.5069484603462628
7517,0,0.4671137043631934
7518,1,0.6200145303721466
7519,0,0.4494048391640129
7520,1,0.5088941092931387
7521,0,0.43768308576485043
7522,1,0.5329625123146321
7523,1,0.521147037601865
7524,1,0.5204442573112085
7525,0,0.49178899234372025
7526,0,0.45261427550019273
7527,0,0.44397612677242276
7528,0,0.48628934020620757
7529,1,0.6246277269695092
7530,1,0.5566602556756608
7531,1,0.5033327191145306
7532,0,0.28337377519300705
7533,1,0.5638174904637951
7534,1,0.6752703225516397
7535,1,0.5113069413028196
7536,0,0.48628418292491177
7537,0,0.28617932214633085
7538,0,0.4882226979629101
7539,0,0.4813149513619156
7540,1,0.5920713117685674
7541,1,0.579628807306171
7542,1,0.5527246631628391
7543,0,0.4279671905727399
7544,1,0.5865566300143977
7545,0,0.34608551304684415
7546,0,0.4578474851838627
7547,0,0.49686315293092354
7548,1,0.5684503830639691
7549,1,0.5233958708757397
7550,1,0.5129798900554218
7551,0,0.4359410915036228
7552,1,0.5704809611076788
7553,0,0.3899503172458077
7554,1,0.5506110022844232
7555,1,0.5838541169808673
7556,0,0.49420013817967734
7557,0,0.48313612754442675
7558,0,0.4628451337418799
7559,0,0.42877938458663467
7560,1,0.6206331975054693
7561,1,0.5021553786700256
7562,1,0.5642195846485809
7563,0,0.36769510275567663
7564,1,0.5519263219538908
7565,1,0.560175196038864
7566,0,0.4380586136692015
7567,1,0.5266291227166194
7568,0,0.415774051123245
7569,1,0.5671924676490728
7570,1,0.5977237343598527
7571,1,0.6300435563234957
7572,1,0.5533813853949501
7573,1,0.5107758481994173
7574,1,0.5172346398356077
7575,1,0.5421424169991453
7576,1,0.5588287372928042
7577,1,0.6509591699567115
7578,0,0.49574281001917087
7579,0,0.49610004994482293
7580,0,0.48097572308894304
7581,0,0.4723445121232374
7582,1,0.5144716665716804
7583,1,0.5020277743567374
7584,0,0.3800424257897558
7585,1,0.5178845077479964
7586,1,0.5266580861068434
7587,0,0.3091235719552776
7588,0,0.4233804640278924
7589,1,0.5736389189932521
7590,1,0.7108592760824997
7591,1,0.5017836998590931
7592,1,0.5025832299767231
7593,1,0.5591822562648714
7594,0,0.48610438970470143
7595,1,0.5119932298727579
7596,1,0.5611248596688329
7597,1,0.5813013022868619
7598,1,0.5224542135006524
7599,1,0.6463107405802901
7600,1,0.6047897627756088
7601,1,0.5297468083078422
7602,0,0.39965634021078555
7603,0,0.48420090235868946
7604,0,0.4638055488586991
7605,0,0.43871509076069665
7606,0,0.42115371825491943
7607,1,0.6039370085204878
7608,1,0.5516491112639094
7609,0,0.4823046322338512
7610,1,0.5833342382518995
7611,0,0.4631165164910735
7612,1,0.5193144926488179
7613,1,0.543898292827912
7614,1,0.5256344379634557
7615,0,0.47954747279614574
7616,1,0.5375355307989804
7617,1,0.500462490845273
7618,0,0.4004828419272447
7619,1,0.5467140734446156
7620,0,0.23038499569545495
7621,1,0.5173164020971158
7622,0,0.34077821907566974
7623,1,0.5105266453384881
7624,1,0.6322591837846793
7625,0,0.47449725564272527
7626,1,0.6128582148236287
7627,0,0.3158179341384543
7628,0,0.4166097809354433
7629,0,0.446267797732191
7630,1,0.536282332546156
7631,0,0.47834002434838574
7632,1,0.526022875522223
7633,1,0.5858474579926007
7634,0,0.48568707635324204
7635,0,0.4361355964305048
7636,1,0.5807058574575062
7637,0,0.4776339679272034
7638,0,0.47677022570804883
7639,1,0.5379836616064608
7640,1,0.6525708791415544
7641,1,0.5906588257561866
7642,0,0.4867104355185839
7643,1,0.5795393112115776
7644,0,0.34328969028325135
7645,0,0.48333174870276696
7646,1,0.5251271674842932
7647,1,0.6575313097838772
7648,0,0.4326140531319961
7649,0,0.43185548826248904
7650,0,0.3840129798269854
7651,1,0.5708254819533944
7652,1,0.5296181349863791
7653,1,0.5616566765458626
7654,0,0.3365756089229421
7655,1,0.5168430964874561
7656,0,0.4102901631477795
7657,1,0.5611610792755579
7658,1,0.5391575615231866
7659,1,0.6237296108963407
7660,0,0.44936427977566884
7661,0,0.48008089794805214
7662,0,0.30980206417041023
7663,1,0.6721938019781223
7664,0,0.43930699741239865
7665,0,0.47424975534964764
7666,1,0.523152501420212
7667,1,0.5578636761164545
7668,0,0.46424257888349296
7669,1,0.7127593206760527
7670,1,0.5102680360032722
7671,1,0.621043899803883
7672,0,0.33919969232699143
7673,0,0.4617105271990124
7674,1,0.5031946629041456
7675,1,0.5006517522840825
7676,1,0.5844486435394315
7677,1,0.5741805487765808
7678,0,0.37184793559263124
7679,1,0.5083806740261638
7680,1,0.5027223632226482
7681,0,0.3025305847368031
7682,1,0.5152198241663488
7683,0,0.4029197083019907
7684,0,0.47334375886213115
7685,1,0.6067044920309476
7686,0,0.49877215415140236
7687,0,0.49698202425053395
7688,1,0.512124539942222
7689,1,0.5640862635388955
7690,1,0.5849607166288028
7691,0,0.4553690759462497
7692,1,0.5457332265750315
7693,1,0.60179295301372
7694,0,0.43458474915106277
7695,0,0.4759173082740138
7696,0,0.43479721170501306
7697,0,0.4401812621066288
7698,0,0.4096874188907485
7699,0,0.49801334660765123
7700,1,0.516357499921704
7701,0,0.48990474665117245
7702,1,0.5177966706564154
7703,0,0.28984288582715817
7704,0,0.49248546376386254
7705,0,0.31560411749240375
7706,0,0.4061554916191959
7707,1,0.5594063578179393
7708,1,0.6005188653374816
7709,0,0.37541043412311836
7710,1,0.5668023471904001
7711,0,0.44790723340143307
7712,0,0.4835614987848363
7713,1,0.5535259961995709
7714,1,0.6437128000079734
7715,0,0.4909014876264644
7716,1,0.5647780941194387
7717,0,0.39497411121517895
7718,0,0.4676010643770271
7719,1,0.5873437669970157
7720,1,0.5007358820618217
7721,1,0.5569778596285528
7722,1,0.6385992989859284
7723,0,0.4668818934586553
7724,0,0.49811281305123617
7725,1,0.6707144881183501
7726,1,0.5281962635451533
7727,1,0.5590337084609531
7728,0,0.47474079060660795
7729,0,0.42020791323423373
7730,1,0.6094133254258872
7731,0,0.47065670411500327
7732,1,0.6086361096111579
7733,0,0.4656348689439297
7734,1,0.6115580019073735
7735,1,0.6017940725720851
7736,1,0.5748404708947893
7737,1,0.5256242859131073
7738,0,0.4315426693617305
7739,0,0.18632270476273646
7740,0,0.4956411469766915
7741,1,0.511117946383277
7742,1,0.5625595105430989
7743,1,0.5198595245696567
7744,0,0.4722434103624553
7745,1,0.5328025063820075
7746,0,0.43313554923396824
7747,0,0.48697326741721036
7748,0,0.4816294512026058
7749,0,0.493590165859902
7750,1,0.5429554133590786
7751,1,0.5175538601917283
7752,0,0.478005612643457
7753,1,0.5018436780318272
7754,0,0.43789867325141135
7755,1,0.5337441134313425
7756,1,0.530483946098545
7757,1,0.5771854086047962
7758,0,0.47183574678143486
7759,0,0.43260617035971566
7760,1,0.6005125635650173
7761,0,0.3462494128676591
7762,0,0.4892483551704372
7763,0,0.4348476377912073
7764,0,0.3936065601504346
7765,0,0.49715908830216227
7766,0,0.49304415104072086
7767,0,0.47125074788435484
7768,1,0.6122481390100816
7769,0,0.4630061675948027
7770,1,0.6125733845661341
7771,0,0.3992322683352149
7772,1,0.5978577746786183
7773,0,0.4290069380102321
7774,1,0.5164657879557245
7775,1,0.6378907362378672
7776,1,0.5859283887461516
7777,1,0.6103867848750331
7778,0,0.3518734772894235
7779,1,0.5222331069471227
7780,1,0.7192794483283522
7781,0,0.4988711243076112
7782,0,0.47759968987756374
7783,1,0.529157663412679
7784,0,0.36057499138319854
7785,0,0.45175603676359427
7786,1,0.5418630025221299
7787,0,0.43362519324128107
7788,1,0.5238799964726751
7789,1,0.5075471721494309
7790,0,0.4973160193264661
7791,1,0.5968126012009829
7792,0,0.48752015586431385
7793,1,0.5420333789027576
7794,0,0.41639438040991567
7795,1,0.6026134982240261
7796,1,0.5183233396006408
7797,1,0.5384623376382427
7798,0,0.47338717466296765
7799,0,0.45850038529709874
7800,1,0.5186638106278321
7801,0,0.448351171105456
7802,1,0.5574770291317668
7803,1,0.5027145184402328
7804,1,0.5174644740616434
7805,0,0.3479948544829761
7806,0,0.46460570669552187
7807,1,0.6637060650346455
7808,0,0.47902546965400006
7809,1,0.5498262546469532
7810,1,0.5566259978299344
7811,1,0.5304653944678025
7812,0,0.4543238875526671
7813,1,0.5494312507334129
7814,1,0.6129440329295595
7815,1,0.5254163519462747
7816,0,0.40734990960704826
7817,1,0.5455178502499032
7818,1,0.6669064423069574
7819,0,0.4931758337984205
7820,1,0.5924039067900297
7821,0,0.49841152232042524
7822,1,0.626071054611058
7823,1,0.614175327404276
7824,0,0.47011712927549804
7825,1,0.5887901182953916
7826,0,0.4825450267251147
7827,0,0.48317522237553623
7828,1,0.5666149581839824
7829,0,0.47755159544359255
7830,1,0.5634891117795607
7831,1,0.5798017842020639
7832,1,0.5605421361743115
7833,0,0.3783981298728904
7834,0,0.36233637163888777
7835,0,0.46722337872141223
7836,1,0.5467069997667069
7837,0,0.48096902626464205
7838,1,0.6150693230978518
7839,1,0.5824320649922625
7840,1,0.5588656953147813
7841,1,0.532960584901714
7842,1,0.6142437007294755
7843,0,0.3058229290947442
7844,1,0.5545303826365766
7845,0,0.44888994545942096
7846,1,0.5543036169757724
7847,1,0.5858072993041042
7848,0,0.354452426008445
7849,0,0.43098985761533265
7850,0,0.3617497902040075
7851,0,0.35105463521523417
7852,0,0.4739227024327485
7853,0,0.4179896042013821
7854,0,0.4658593396116519
7855,1,0.5213720550331135
7856,1,0.5894233622447458
7857,1,0.6020604987164528
7858,1,0.5193119875463795
7859,1,0.6368624565685753
7860,1,0.5290451262690438
7861,1,0.5613397114710004
7862,1,0.609010301391431
7863,0,0.40128103704496243
7864,0,0.4044906232354128
7865,1,0.6046529350054858
7866,0,0.49051646665640614
7867,1,0.5228136285302706
7868,1,0.543593337341047
7869,1,0.5474450052956623
7870,1,0.650108565295164
7871,0,0.41798875533394675
7872,0,0.33535719361802235
7873,1,0.6105482934578833
7874,0,0.4682391815160021
7875,0,0.45832852448940764
7876,0,0.3767540472788875
7877,0,0.49238538333308635
7878,1,0.6385363774475001
7879,1,0.5462186462845222
7880,0,0.41185489763917965
7881,0,0.48569500126575504
7882,1,0.5196830089844627
7883,0,0.32033094078819335
7884,0,0.4589771193137601
7885,0,0.41787525362956557
7886,0,0.36192957643345436
7887,1,0.5237671839643507
7888,1,0.6469218935011458
7889,1,0.5557494199907655
7890,1,0.5724162548856345
7891,0,0.42929363464543685
7892,1,0.5394754406151087
7893,1,0.5097488889134976
7894,1,0.5811594406118037
7895,1,0.5026757376576324
7896,0,0.3297341558698742
7897,1,0.5606807846181938
7898,1,0.568706425119333
7899,1,0.5508504872728327
7900,0,0.41340179783527176
7901,1,0.5671410931797201
7902,0,0.4153279666069041
7903,0,0.4864410215405759
7904,1,0.5148132480734798
7905,0,0.4918432659687273
7906,0,0.47316590909165923
7907,0,0.48902750700867326
7908,0,0.4661923343374902
7909,1,0.5175803777220324
7910,0,0.1488999764864526
7911,0,0.45422181008799956
7912,1,0.5644216579634631
7913,0,0.3615293690269682
7914,1,0.5301845257017844
7915,1,0.5412538704018042
7916,1,0.5718487764562045
7917,0,0.43932584552333054
7918,1,0.505074807255093
7919,0,0.4709951638485117
7920,1,0.5694553507562293
7921,1,0.5141935920106906
7922,0,0.45741455207512666
7923,0,0.4488059179544488
7924,1,0.5194962825559074
7925,0,0.47008368882471074
7926,1,0.5054470099469589
7927,1,0.5130118501543363
7928,0,0.4487802587199742
7929,0,0.3927486931895253
7930,1,0.6146465752740697
7931,0,0.4686219462675859
7932,0,0.321871764779091
7933,0,0.48372796798798967
7934,1,0.6640402581323022
7935,0,0.44285653930227464
7936,0,0.44191335430042555
7937,1,0.5379438470901815
7938,1,0.6612672184485265
7939,0,0.4016557481249434
7940,1,0.672716100576749
7941,1,0.5767844748783151
7942,1,0.5731989286905369
7943,0,0.4954838779062018
7944,1,0.5320823884820577
7945,1,0.5398403890530289
7946,0,0.4677388579653987
7947,0,0.39026604565367806
7948,1,0.5622502235077377
7949,1,0.5727288010521449
7950,0,0.3992136262911838
7951,0,0.45157252813012694
7952,1,0.5147971297462695
7953,0,0.42626603734102475
7954,1,0.5367010880736408
7955,1,0.5143190793044936
7956,1,0.505821326847314
7957,1,0.51437153168922
7958,1,0.5105305897149534
7959,1,0.5329488437095123
7960,1,0.528647115743123
7961,1,0.6642645386166489
7962,1,0.5107496448054659
7963,1,0.6266868167441033
7964,1,0.5936778861686359
7965,1,0.6465895046877869
7966,1,0.5737002727261693
7967,1,0.5307217093822845
7968,1,0.6261898221240217
7969,0,0.4986187193044506
7970,1,0.618679605609666
7971,1,0.5936977359226396
7972,0,0.43044183162014865
7973,1,0.6077775986272048
7974,0,0.45096203456214146
7975,1,0.7301945077648528
7976,0,0.46081159855831405
7977,1,0.6064102977494858
7978,0,0.46554091351692545
7979,1,0.6163588159112764
7980,0,0.37586016472853273
7981,0,0.4759915608469517
7982,1,0.6088326184524433
7983,1,0.5893497177768676
7984,0,0.42678879653666596
7985,1,0.6094666887073968
7986,1,0.642318327936103
7987,1,0.5926489483795875
7988,1,0.5679569838996054
7989,1,0.5964560452759063
7990,1,0.5722249449178937
7991,0,0.4939103225568396
7992,0,0.22808543248305274
7993,1,0.5742472515380047
7994,0,0.4150891902917274
7995,1,0.5737079265261084
7996,0,0.4534589941156813
7997,0,0.4785166547299934
7998,1,0.531487010056462
7999,0,0.3972235330574676
8000,1,0.5561346051438218
8001,1,0.6704432273436178
8002,0,0.46247388384136423
8003,1,0.5065264608725459
8004,0,0.49953516765667866
8005,1,0.6223919803811646
8006,1,0.5238701590456183
8007,0,0.4206672064820343
8008,1,0.5072968580039854
8009,1,0.6022186804274083
8010,1,0.5625142707574233
8011,1,0.5995415202019249
8012,0,0.49899901987640266
8013,0,0.4748004132301694
8014,1,0.5016199785295334
8015,1,0.5144575505289574
8016,1,0.5468593928845586
8017,0,0.4675525154542659
8018,0,0.49760817094554094
8019,1,0.5764047272926143
8020,1,0.6142686102061965
8021,1,0.5147600619347756
8022,0,0.45140329250764993
8023,1,0.5537695102099666
8024,0,0.4903560741331256
8025,1,0.6843823707183887
8026,1,0.7457141267984828
8027,1,0.5155320392931934
8028,1,0.5410985985597234
8029,0,0.40910338155452125
8030,0,0.44843560608812
8031,0,0.423893451550995
8032,1,0.615452905043408
8033,1,0.5787656020400339
8034,1,0.5084330971777109
8035,0,0.2448539711349515
8036,0,0.44097867623340553
8037,0,0.44509278578704
8038,0,0.3540430983281225
8039,0,0.4347039344470492
8040,1,0.553941429210344
8041,0,0.45695663077800225
8042,0,0.49425523190269244
8043,1,0.544622747399453
8044,1,0.5157154795101837
8045,0,0.4404990470026182
8046,0,0.4230069611900921
8047,0,0.45186740849424545
8048,1,0.6031097754997425
8049,1,0.5381050909797955
8050,1,0.6139625298914195
8051,1,0.5203829050523059
8052,1,0.5393713633045031
8053,0,0.4806903998324204
8054,1,0.5725926147383256
8055,0,0.21579777232163302
8056,0,0.4776182858249247
8057,0,0.47864383831374957
8058,1,0.6097788042765209
8059,1,0.6281446487710967
8060,1,0.5824459113928722
8061,1,0.5700962332274644
8062,0,0.38470025943904174
8063,1,0.5244666057650563
8064,1,0.5910625202901006
8065,0,0.4947439400045781
8066,0,0.24892216844171589
8067,0,0.18332705354302192
8068,0,0.41835880010492377
8069,0,0.3713954908390373
8070,0,0.35787900085847413
8071,0,0.4250960058796173
8072,0,0.43028060655046857
8073,0,0.4192747472092055
8074,1,0.6215571665977724
8075,0,0.4638875398870465
8076,1,0.566594814808396
8077,0,0.44864399194252
8078,1,0.5456381299568241
8079,0,0.4355489411623753
8080,0,0.4555579396345154
8081,1,0.5828540952352863
8082,1,0.5607551057462813
8083,0,0.4599139127517546
8084,1,0.5297210016463962
8085,1,0.5217324390499712
8086,1,0.5636237336392448
8087,0,0.48171267460407474
8088,1,0.53362960155435
8089,1,0.6558303750458946
8090,0,0.47867119754390386
8091,0,0.4846827731589472
8092,0,0.4855798963445131
8093,1,0.5068578049952034
8094,1,0.5299497887604432
8095,1,0.558681117605211
8096,1,0.6304884594235397
8097,0,0.370679383651003
8098,1,0.5048097466339354
8099,1,0.5324104525195987
8100,1,0.5695687338426312
8101,0,0.4421253181935329
8102,1,0.5251817737754455
8103,1,0.545053584651346
8104,1,0.5474434817044506
8105,0,0.39711794743242773
8106,1,0.5582988668939216
8107,0,0.45352401048386093
8108,0,0.4818504862459017
8109,1,0.5340815101066633
8110,1,0.5941622521197831
8111,0,0.4249741597216355
8112,1,0.5483807220655255
8113,0,0.3536762113864024
8114,1,0.5148476768604735
8115,1,0.6230352353112295
8116,1,0.5244227801275649
8117,1,0.6054786389300075
8118,0,0.4892626717012907
8119,0,0.48551514514621685
8120,0,0.4751859460218347
8121,0,0.29703996064194677
8122,0,0.4272804280345376
8123,1,0.5940404054998065
8124,0,0.30190907269616923
8125,0,0.4295911015491052
8126,0,0.4254888418577501
8127,0,0.4768547307554863
8128,1,0.5635643365399745
8129,0,0.3731063445160093
8130,1,0.6118945365671283
8131,1,0.6192846346034513
8132,0,0.4325886931562658
8133,0,0.4421059451997457
8134,1,0.5461804738596184
8135,1,0.5331039020599971
8136,1,0.565221312650345
8137,0,0.47251899612020176
8138,1,0.5255373144343636
8139,1,0.5802405829943165
8140,1,0.6242096553574333
8141,0,0.481279307489505
8142,0,0.49864620976481455
8143,0,0.16888458424659827
8144,0,0.4823197738479354
8145,1,0.5665512055179213
8146,0,0.4402461576045324
8147,1,0.519024525393193
8148,1,0.6507108139848872
8149,1,0.5708614837399372
8150,0,0.3170496998544107
8151,0,0.49732341531986496
8152,0,0.46989768355414346
8153,1,0.6143123573522143
8154,1,0.5347683578362297
8155,1,0.5182869784650641
8156,1,0.506386283683586
8157,1,0.5002296874022437
8158,1,0.5084596809134989
8159,1,0.5444990132804708
8160,0,0.44696207339042526
8161,0,0.3375813899641802
8162,0,0.42502336885488695
8163,1,0.5452716470980224
8164,1,0.6363712049268476
8165,0,0.41473582365346706
8166,0,0.438886548613877
8167,0,0.4808667208838143
8168,0,0.4922834407702176
8169,1,0.6520956158372097
8170,1,0.6377710764398618
8171,0,0.4817570987919917
8172,0,0.39201600904721456
8173,0,0.4480200391730907
8174,1,0.5569484991519618
8175,1,0.619236382797463
8176,0,0.3173801399753928
8177,0,0.3515673528263996
8178,0,0.4078104270132284
8179,0,0.4741300643345558
8180,0,0.41215001821956293
8181,1,0.5320353754124214
8182,1,0.6201493890836884
8183,1,0.5332276988572955
8184,1,0.680200823526182
8185,1,0.573982842737769
8186,1,0.509663468694522
8187,1,0.5644072042715875
8188,0,0.45759655472602434
8189,1,0.5389345251274504
8190,1,0.5096205947071663
8191,1,0.5401309334870207
8192,1,0.6539301867714243
8193,0,0.24813656989041236
8194,1,0.6010933724920856
8195,1,0.5118842474456957
8196,1,0.5137211847610447
8197,1,0.5926145610611425
8198,1,0.5311936874846421
8199,0,0.3875883439974869
8200,0,0.47819460562720967
8201,1,0.5597846006753744
8202,0,0.44496420489060223
8203,1,0.5483336687758991
8204,1,0.5109527732192083
8205,0,0.3416459065651753
8206,0,0.366989501193578
8207,1,0.5413884458015154
8208,1,0.5438756198045809
8209,0,0.4921958088848005
8210,1,0.5082747565922737
8211,1,0.5978626656881181
8212,1,0.5376457690736411
8213,0,0.44562402384605787
8214,0,0.4022050170079051
8215,1,0.5732846795184018
8216,1,0.5319945988431362
8217,0,0.43811721976486945
8218,0,0.4490221941542395
8219,0,0.42136403456992405
8220,1,0.5089725732289
8221,0,0.3013315597447642
8222,0,0.46921702894240325
8223,1,0.5220863565135628
8224,1,0.5421087575867631
8225,0,0.25254254748725774
8226,0,0.4032764903415532
8227,0,0.39585220343955324
8228,0,0.4558278852984223
8229,1,0.553365603278925
8230,1,0.6378524889143873
8231,1,0.5890433767924629
8232,1,0.5716513066651877
8233,1,0.5010359537657886
8234,1,0.6109090351321045
8235,1,0.5653131261303275
8236,0,0.38864954268742946
8237,1,0.5492451626349543
8238,1,0.5575436912601772
8239,0,0.4888598981705296
8240,0,0.40195269837678177
8241,1,0.506310253545948
8242,1,0.5241803463534823
8243,1,0.505372837388805
8244,1,0.5444569930584827
8245,1,0.6165114797137131
8246,1,0.5081351991014517
8247,1,0.5544714366291211
8248,1,0.5754842260897484
8249,1,0.5957197719235172
8250,1,0.5603168201750192
8251,1,0.527903756917333
8252,1,0.6228722019020616
8253,1,0.580208908417266
8254,0,0.4812671142099538
8255,0,0.49292905529686015
8256,1,0.6213769291147865
8257,0,0.43643094526988485
8258,1,0.6418242030930609
8259,1,0.5354242828774322
8260,0,0.48380383918555503
8261,0,0.340988979580554
8262,0,0.4350762997788907
8263,0,0.47600111898031117
8264,0,0.44369272656173003
8265,1,0.6031642582529536
8266,1,0.675685227610214
8267,1,0.5421012518346928
8268,1,0.5485630083669468
8269,1,0.5693815396683194
8270,1,0.5688112634624908
8271,0,0.4616890813308259
8272,0,0.37453682876720473
8273,1,0.5070110691850205
8274,0,0.4189866650494422
8275,1,0.6672053537172877
8276,0,0.4467091519356978
8277,0,0.46840206553874547
8278,0,0.4579725442402608
8279,0,0.495746078281706
8280,0,0.41529596635569505
8281,0,0.46952052532416905
8282,1,0.639517511778785
8283,1,0.5208333221874186
8284,1,0.5013853911572588
8285,1,0.5566673400457381
8286,0,0.45834437225595187
8287,0,0.4163336008299538
8288,1,0.5323310811158971
8289,0,0.369004039908664
8290,1,0.5043738774170251
8291,1,0.6345803578498277
8292,1,0.5481710926376341
8293,1,0.5835039437526223
8294,0,0.4858232091136703
8295,1,0.532330757738869
8296,1,0.6238364454411472
8297,0,0.3721775916128778
8298,0,0.49200463099462116
8299,0,0.3628365839055731
8300,1,0.5521948987921306
8301,0,0.4220248744784607
8302,1,0.6042740256551824
8303,0,0.45414213386828
8304,1,0.5027637668606091
8305,1,0.5100091874173217
8306,0,0.4284023948369461
8307,0,0.4087399289628112
8308,1,0.5411892955469331
8309,1,0.5169190227723257
8310,1,0.5412155548371499
8311,0,0.4125788034438481
8312,1,0.5776907888500803
8313,0,0.28385719538538146
8314,1,0.5559300439656762
8315,0,0.4720203197835798
8316,1,0.6756534999437425
8317,0,0.3487638539390619
8318,1,0.6271555756300656
8319,1,0.6386572858355747
8320,1,0.5912179978023504
8321,0,0.26056288334813266
8322,1,0.5369922215240699
8323,1,0.6089591032109748
8324,0,0.41553214888649814
8325,0,0.45401779331902875
8326,0,0.3832278529717047
8327,1,0.7580775644032026
8328,1,0.5312057597932913
8329,1,0.5436663511014195
8330,1,0.5062970648864383
8331,0,0.49347068824459706
8332,1,0.5806067306696505
8333,1,0.5708049448529997
8334,1,0.525914997329122
8335,1,0.537515697615811
8336,1,0.565366396194684
8337,0,0.4871510198790766
8338,1,0.6130638592281541
8339,1,0.6066658821692054
8340,0,0.47469831261381246
8341,1,0.5342703190160268
8342,1,0.5117686998775454
8343,1,0.5067780476857968
8344,0,0.466206141143692
8345,1,0.5772098803616357
8346,1,0.5704568068735719
8347,0,0.35328475690381955
8348,0,0.4935708368415975
8349,0,0.48966612643158863
8350,1,0.5737990917036503
8351,0,0.426324442572748
8352,1,0.5121101117097604
8353,1,0.6274145590163502
8354,0,0.4447068258560849
8355,1,0.5722683638727285
8356,1,0.5001685970729091
8357,0,0.28929359701700397
8358,0,0.4945751307992471
8359,0,0.3709883903191158
8360,0,0.35106312685420465
8361,1,0.5419050595316578
8362,0,0.47144390010815257
8363,1,0.5175470148660013
8364,1,0.5402141434730333
8365,1,0.525136230496337
8366,0,0.4946709875814955
8367,0,0.40556187451665304
8368,1,0.5813047219666682
8369,0,0.47741697177900905
8370,1,0.526236221764915
8371,1,0.5021831389210529
8372,1,0.5570401399275674
8373,1,0.5524458257553131
8374,1,0.5175880881224958
8375,0,0.43752808223200823
8376,1,0.6782476168568451
8377,0,0.3479680686596471
8378,0,0.44233909058573007
8379,1,0.5576014265050213
8380,1,0.5151505462373949
8381,0,0.4555209748817587
8382,0,0.35951973540763166
8383,0,0.3944341678222
8384,1,0.5360476491058093
8385,1,0.512618238086949
8386,1,0.6292792349672288
8387,0,0.4503048897334993
8388,1,0.5417772530701983
8389,1,0.5662536078361543
8390,1,0.56321526319437
8391,1,0.5383728068336366
8392,0,0.4798350771792487
8393,1,0.6568923414453177
8394,1,0.5209749324880902
8395,0,0.4357764321454394
8396,0,0.49163463217522196
8397,0,0.49270599204408677
8398,1,0.5298030810921716
8399,0,0.4135003870203071
8400,1,0.5231798855657604
8401,1,0.611825269349141
8402,1,0.5215083460530985
8403,0,0.44593736359835473
8404,1,0.6062499850001162
8405,1,0.5096494191512545
8406,1,0.5632235158868276
8407,1,0.5400300912716851
8408,1,0.5509184028966717
8409,1,0.5245953669700401
8410,0,0.4750187000625776
8411,0,0.44433418338382596
8412,1,0.5132657500024074
8413,0,0.43166528941755344
8414,0,0.41142572427167806
8415,0,0.39354733970959804
8416,1,0.5178285269399927
8417,0,0.42966579680005224
8418,0,0.49877379392754506
8419,0,0.4313994417714983
8420,0,0.4640065648317991
8421,1,0.5690696923616728
8422,1,0.5436381126331989
8423,1,0.6083030256115473
8424,1,0.5354269656777544
8425,1,0.5042741845933002
8426,1,0.5800501119378206
8427,1,0.6007069165868094
8428,0,0.407780395117021
8429,1,0.6012489509683184
8430,0,0.48801239978599004
8431,1,0.5602268295046298
8432,1,0.5007146919802571
8433,0,0.4928256176659708
8434,1,0.622956660113594
8435,1,0.5507128524384225
8436,1,0.6109491234508666
8437,0,0.4597442939263498
8438,1,0.6193697358258482
8439,0,0.45072708748173596
8440,1,0.5689059733056155
8441,1,0.6001887033561412
8442,1,0.5068938529949433
8443,1,0.5407645765105031
8444,1,0.5328311183482916
8445,1,0.6076727426338494
8446,0,0.4943063949143539
8447,0,0.4703788623069217
8448,0,0.3765129857009764
8449,0,0.4453752263733177
8450,0,0.4152734815526979
8451,0,0.48629003169630625
8452,1,0.5435295096551946
8453,0,0.4277592395561749
8454,0,0.3718313868869277
8455,0,0.49005859686507414
8456,0,0.45998971171162295
8457,1,0.6683510626052658
8458,1,0.5879226610030549
8459,1,0.5014838518656037
8460,1,0.5356237438177283
8461,1,0.7174737100106068
8462,1,0.5189997533017384
8463,0,0.4003462489602559
8464,1,0.5183665860393157
8465,1,0.5466957349755348
8466,0,0.4342144896401384
8467,1,0.5161110006651424
8468,0,0.3821927244081892
8469,0,0.4496977913054407
8470,1,0.5113509927648304
8471,1,0.6210058786842352
8472,0,0.4384452117698352
8473,1,0.5270583339703931
8474,1,0.5913744919892255
8475,0,0.46245406226375824
8476,0,0.434940198213075
8477,0,0.4470061111003748
8478,0,0.36443797451594967
8479,1,0.5523927419272139
8480,1,0.5093904587336513
8481,0,0.43786747422290595
8482,1,0.585340714787877
8483,1,0.5216310639622904
8484,0,0.4821510512869544
8485,1,0.5565846816531701
8486,0,0.43502324258175723
8487,1,0.553918637472258
8488,0,0.36272756179112414
8489,1,0.576180248082579
8490,1,0.5263911356400477
8491,1,0.5600578762137246
8492,1,0.6704313803863479
8493,0,0.4664117701130809
8494,0,0.46181731019377636
8495,1,0.5122794953247318
8496,1,0.5642338921356042
8497,1,0.567850714445874
8498,1,0.5379742775515469
8499,0,0.49861382630855755
8500,1,0.5674992056062594
8501,0,0.38217539237248727
8502,1,0.5633535994619087
8503,1,0.6236405790873085
8504,0,0.39515557099649123
8505,1,0.6756656612521085
8506,1,0.5729038362029766
8507,1,0.5286080763655265
8508,1,0.5186618683064453
8509,0,0.3332086059526656
8510,0,0.40345890013635133
8511,0,0.4454079668955503
8512,0,0.4335207585487632
8513,1,0.5938063903705202
8514,1,0.5681851938892314
8515,0,0.3001637131480301
8516,1,0.5814191542068907
8517,0,0.4501608693819679
8518,1,0.5134895942953972
8519,1,0.554975446764636
8520,1,0.6142331301914825
8521,1,0.6661504019973015
8522,1,0.5334115279325294
8523,1,0.501985956866876
8524,1,0.5613308084364593
8525,1,0.6116536478452735
8526,1,0.5873164497294255
8527,1,0.5409524770024314
8528,0,0.4686522770100152
8529,1,0.582460248235429
8530,1,0.5527418904152025
8531,1,0.6036141507071113
8532,1,0.6024453054223453
8533,0,0.4790396617324356
8534,1,0.5416051778911486
8535,0,0.47049893675489196
8536,0,0.45329851528029874
8537,0,0.39732097426697965
8538,1,0.508641550408143
8539,1,0.5112282403099724
8540,0,0.4739539205053948
8541,0,0.4726137913389799
8542,1,0.5205448665639387
8543,0,0.47548599546704157
8544,0,0.43232383883405223
8545,1,0.5827185782452926
8546,1,0.5402463296227533
8547,0,0.3978753962534943
8548,0,0.4597745035483242
8549,1,0.5945220939038208
8550,0,0.39832659448080765
8551,0,0.45553820080703666
8552,1,0.5232098397238079
8553,0,0.49439535177078414
8554,0,0.44523218986593543
8555,0,0.40999094863343993
8556,1,0.5273833943685725
8557,1,0.5657844711722974
8558,1,0.6126161747815853
8559,1,0.5445226414767259
8560,1,0.5680736603863283
8561,1,0.6253698274976147
8562,1,0.5780342516554581
8563,0,0.3108361243524061
8564,0,0.4738660714559577
8565,1,0.5303263015031233
8566,1,0.6422379327076565
8567,1,0.6401824318959262
8568,1,0.529542009020187
8569,0,0.45340433708597694
8570,0,0.4753192346724348
8571,0,0.4586223710978868
8572,0,0.426439798188416
8573,1,0.5510346577426992
8574,0,0.4588064102185404
8575,0,0.4236947193056302
8576,1,0.542844100048894
8577,0,0.47593780032278654
8578,1,0.6051458889999802
8579,1,0.5781449233217244
8580,0,0.43252711612281664
8581,0,0.48441831087086984
8582,1,0.540873793679828
8583,1,0.5175628641615717
8584,1,0.5498576404180817
8585,0,0.48262628473892477
8586,0,0.4272278340810506
8587,1,0.5013421653352776
8588,1,0.5764496550309688
8589,1,0.5690773483802888
8590,0,0.42670712946336165
8591,1,0.6274467037422892
8592,1,0.620315649127856
8593,1,0.5279372367625768
8594,0,0.3646463435881937
8595,1,0.5874856882877384
8596,1,0.6064380786129303
8597,1,0.5181248539905056
8598,1,0.5094539017744494
8599,1,0.5468465431992937
8600,0,0.49285719795291477
8601,1,0.5685915114001904
8602,0,0.47731242354281944
8603,0,0.4917149039221869
8604,1,0.5137575148250609
8605,1,0.5738344999030797
8606,1,0.5270536065529619
8607,0,0.3017156684407162
8608,0,0.4757943117440941
8609,0,0.48647597441608953
8610,1,0.5150116302508796
8611,0,0.3833928841068549
8612,1,0.5286144679823123
8613,1,0.5950980359504657
8614,0,0.4466896234161697
8615,0,0.46923030198456184
8616,1,0.5582605545954129
8617,0,0.48675138585805555
8618,1,0.5401783041384228
8619,1,0.5010015668334075
8620,0,0.279700716635871
8621,0,0.39812605294853454
8622,0,0.4790730328530569
8623,1,0.5193537254407434
8624,1,0.5499007795208268
8625,1,0.5369633159527439
8626,1,0.5759458966992678
8627,0,0.4207066337578953
8628,1,0.5121947540781808
8629,1,0.5763135056412994
8630,1,0.5456195291347333
8631,1,0.5372382748872798
8632,1,0.5111015208390596
8633,1,0.5571172271012956
8634,0,0.4916350411964414
8635,1,0.5762311240999426
8636,0,0.43602089320480886
8637,1,0.6534654727491439
8638,1,0.6127357568334587
8639,1,0.5684268270783309
8640,1,0.5680153580772747
8641,1,0.6396519160838283
8642,0,0.486811297927039
8643,1,0.5671715716293593
8644,0,0.4208744792506116
8645,1,0.5070598898795015
8646,1,0.5837114523560347
8647,0,0.4681857745336546
8648,1,0.5372851865937956
8649,1,0.541593341213817
8650,1,0.6301061394213507
8651,0,0.478983357561907
8652,1,0.5299227420955036
8653,1,0.6727540832497511
8654,1,0.5538325450326332
8655,0,0.45170166815199725
8656,0,0.464625815438338
8657,1,0.5471882346289937
8658,0,0.4316350865434204
8659,0,0.44756152742988753
8660,0,0.49133770086385353
8661,1,0.6300973772103973
8662,1,0.5414011105028698
8663,0,0.4829431822757522
8664,1,0.6019674121728719
8665,1,0.5418151616153756
8666,1,0.5327311889952602
8667,1,0.5266271586130506
8668,1,0.6960205803064984
8669,1,0.5133257673720747
8670,1,0.534246060788566
8671,1,0.5771553324491153
8672,1,0.5139617090053176
8673,1,0.5450050943288517
8674,1,0.5030480155960533
8675,0,0.43662247069922505
8676,0,0.4694644206069907
8677,0,0.4638761139415077
8678,1,0.5217838163172378
8679,0,0.39714081069472623
8680,0,0.4142002460267065
8681,1,0.5156482491150778
8682,0,0.4639038015122201
8683,1,0.5504184121207535
8684,1,0.5258070197812805
8685,0,0.41896786118234663
8686,1,0.5821948600540118
8687,0,0.49405986383052075
8688,1,0.5024712006188776
8689,1,0.5495738837980376
8690,0,0.4309280197979357
8691,1,0.5559722754922412
8692,1,0.507087298783653
8693,1,0.5634487389701164
8694,1,0.571075892481944
8695,1,0.5439561136184667
8696,1,0.5358228799737773
8697,0,0.4840588677690404
8698,1,0.6486041401881999
8699,1,0.533562842479598
8700,1,0.5842705988896746
8701,0,0.4354264892405991
8702,1,0.5951016220454018
8703,0,0.42249832506144674
8704,0,0.3976314302318495
8705,1,0.6251195440893565
8706,0,0.32823169728667057
8707,0,0.48436369201365503
8708,0,0.48314409563438737
8709,0,0.44933954975586565
8710,1,0.5611943050128806
8711,1,0.6648878521839079
8712,1,0.5473522375298638
8713,1,0.5239452833895224
8714,1,0.521969821373169
8715,0,0.476767789261334
8716,1,0.5729177991584914
8717,0,0.34292704417211023
8718,1,0.5732647862317777
8719,0,0.41803285164579557
8720,1,0.6566269538623213
8721,1,0.5023257420517693
8722,1,0.5221353313448108
8723,0,0.3650247421161786
8724,1,0.5648314698771008
8725,0,0.4696859833981829
8726,1,0.5447055756987459
8727,1,0.6425198771863039
8728,1,0.5791868207089291
8729,0,0.48075709997242444
8730,1,0.5435183616562105
8731,1,0.5060153645036678
8732,0,0.46346438176275473
8733,0,0.4988342418524399
8734,0,0.3354630077062862
8735,0,0.47453256486746787
8736,0,0.4969804956245883
8737,1,0.5082034875191386
8738,1,0.549739060354227
8739,0,0.389483565106441
8740,1,0.5805679851812335
8741,1,0.5738695249779184
8742,0,0.43746186872397125
8743,1,0.6017867862912237
8744,1,0.5592235857022135
8745,1,0.5982350847762453
8746,1,0.617740151325725
8747,0,0.4083231985997651
8748,1,0.6196764849633676
8749,0,0.49035239990316143
8750,0,0.49434503056263857
8751,1,0.5378487483622028
8752,1,0.5358109697376507
8753,1,0.5461855098894485
8754,0,0.40831143204149345
8755,0,0.3250812374327795
8756,0,0.4233246713578526
8757,0,0.4526226554850902
8758,0,0.48556742651773294
8759,1,0.5656661849513195
8760,1,0.6292840713248764
8761,0,0.4817227217729123
8762,1,0.5226367456976316
8763,1,0.5852416468360586
8764,1,0.5703489743056707
8765,1,0.5559784006828669
8766,1,0.5626272020677113
8767,1,0.567371302620448
8768,0,0.4559166649049554
8769,1,0.5098476120908854
8770,1,0.5738103084903214
8771,0,0.4206089818807846
8772,0,0.3774289527173231
8773,0,0.416191410808298
8774,0,0.4591186663013222
8775,1,0.6002692407019475
8776,0,0.47515895093624094
8777,1,0.6774098066200912
8778,1,0.6283153009248519
8779,1,0.5222378976393361
8780,0,0.4863517981968762
8781,1,0.5614976772119828
8782,0,0.4613446800341999
8783,1,0.5285601890426959
8784,1,0.5223740600561549
8785,1,0.628186085065431
8786,0,0.47451904439960496
8787,1,0.6648684319070786
8788,1,0.5407053553167938
8789,1,0.5808193410680778
8790,1,0.5867840579872321
8791,1,0.5668095622627701
8792,1,0.555914017360104
8793,1,0.5215153188053193
8794,0,0.43965723540348756
8795,1,0.5443232413079591
8796,1,0.6034942534997084
8797,0,0.4574221206711089
8798,0,0.49526144498186664
8799,1,0.5669037738489082
8800,0,0.29423659835278815
8801,1,0.5372020669443054
8802,0,0.4007737097087473
8803,0,0.3579458687079011
8804,0,0.3770138109204831
8805,1,0.5525055823908182
8806,1,0.5711322560202772
8807,0,0.45330329029994515
8808,1,0.5251424527493788
8809,0,0.43061862653320904
8810,1,0.5615427269353128
8811,1,0.5626872044763181
8812,1,0.7369253574507476
8813,0,0.3786166721206904
8814,1,0.5925393101190028
8815,1,0.5101684124319616
8816,0,0.4675320817336762
8817,1,0.5023992842114382
8818,1,0.5242945389964255
8819,0,0.46712746624875645
8820,1,0.5514124394109187
8821,1,0.5544322604979386
8822,1,0.5115948382737788
8823,0,0.44991104478290983
8824,0,0.46257124024778834
8825,0,0.17427826629720855
8826,0,0.4889406262978
8827,0,0.4978807032199617
8828,1,0.5019814124882529
8829,1,0.5512139581156481
8830,1,0.613468555086836
8831,0,0.40629223170187406
8832,0,0.43358921304187503
8833,0,0.4470592803274978
8834,0,0.47159525576270106
8835,1,0.5502683039840296
8836,1,0.5776387803610743
8837,0,0.4786801378236884
8838,1,0.5918378078505742
8839,0,0.47825935876406517
8840,1,0.5216195558860086
8841,0,0.3024469914876229
8842,1,0.5961807186336614
8843,1,0.5880846975396757
8844,0,0.49811379768000696
8845,0,0.49255602263093023
8846,1,0.5742340147191481
8847,1,0.5692802606364502
8848,1,0.643642407826343
8849,1,0.5061128010223255
8850,1,0.6040855749519175
8851,1,0.5854429920119294
8852,0,0.2936358247313691
8853,1,0.5039901997799506
8854,1,0.5582975919091888
8855,1,0.5289046446355198
8856,0,0.27095062210757925
8857,0,0.49589435969500356
8858,1,0.5020827349571075
8859,0,0.3483510658438276
8860,0,0.45172446901705166
8861,1,0.5213140205672228
8862,1,0.5591075224320232
8863,1,0.6835406359061987
8864,1,0.5794430009846425
8865,1,0.6350994345647408
8866,1,0.6526952630836828
8867,0,0.4821523405005109
8868,1,0.5363522370930831
8869,1,0.5193308449574738
8870,0,0.4895112505815695
8871,0,0.4589202762437261
8872,1,0.5494198359771467
8873,0,0.47643088021943997
8874,1,0.5397102189158194
8875,1,0.5742438236068622
8876,1,0.5525395062584703
8877,1,0.5082112582531947
8878,0,0.4932138698416042
8879,1,0.5803738115662872
8880,1,0.6224196195425759
8881,1,0.5301800335589025
8882,1,0.5170350313428567
8883,0,0.4877200921141963
8884,1,0.5289420446815121
8885,1,0.5454788088763474
8886,1,0.5902321934913166
8887,1,0.5186606465851715
8888,1,0.5319614616450258
8889,1,0.5155060098843841
8890,1,0.5446928048804387
8891,0,0.4556150230372566
8892,1,0.6176860426767924
8893,1,0.6376588926074448
8894,0,0.37671044556608013
8895,1,0.5427314494512856
8896,1,0.5217656365399962
8897,1,0.6115339963086969
8898,1,0.5360120844383305
8899,1,0.6135821409469517
8900,1,0.5191650997741394
8901,1,0.6481965284512582
8902,0,0.44941927634587164
8903,1,0.6119610795553899
8904,1,0.6599601127472295
8905,0,0.4253316261027682
8906,1,0.5757328354256381
8907,1,0.5827548354565549
8908,0,0.34294332193903293
8909,1,0.5299551959298427
8910,1,0.5100487288042119
8911,1,0.5892200070778391
8912,0,0.4457594192881204
8913,1,0.5044587955673218
8914,1,0.5848991836522668
8915,1,0.5585372388888448
8916,0,0.45679968972119844
8917,0,0.48854451543657457
8918,1,0.5487629489852796
8919,1,0.5357418012478075
8920,1,0.5909848625850301
8921,1,0.5081662346183409
8922,1,0.5340699917498393
8923,1,0.5235034846451134
8924,0,0.4738270948902034
8925,0,0.3351580949793746
8926,1,0.6876083254980191
8927,0,0.3374668378817809
8928,0,0.48868304311968014
8929,1,0.587058647208308
8930,1,0.5444706743931742
8931,1,0.6569823500461673
8932,0,0.24317317300011373
8933,1,0.5339756024067598
8934,1,0.6106269537730186
8935,1,0.5353600259930136
8936,0,0.4875743166405042
8937,0,0.43150217785521167
8938,0,0.3866720313720317
8939,1,0.5388220028999828
8940,1,0.5366904268059297
8941,1,0.6651895216533643
8942,1,0.5748875677802814
8943,1,0.5469982880974701
8944,1,0.5151044766847765
8945,1,0.6183347179051316
8946,1,0.518518164909405
8947,1,0.5524020192573035
8948,1,0.5181364363214125
8949,0,0.4553980760263965
8950,1,0.634455111359621
8951,0,0.4424597613342762
8952,0,0.38729088301708325
8953,1,0.5891140290055773
8954,1,0.5763235958904754
8955,0,0.49485986008401994
8956,0,0.4891178096430298
8957,1,0.5026119894701373
8958,0,0.4684680987391167
8959,0,0.42072719733711567
8960,1,0.5595389659180385
8961,1,0.5677104380032759
8962,0,0.42480168683185315
8963,1,0.5209774162446954
8964,1,0.5478175499189315
8965,1,0.6293359948404834
8966,1,0.5858612870867826
8967,1,0.5295411708859054
8968,0,0.4471997950347664
8969,1,0.5461223168430797
8970,1,0.6153125096635075
8971,0,0.4647346722993983
8972,0,0.4803983141151638
8973,0,0.3728953966565646
8974,1,0.5824927327057524
8975,1,0.5398693352241294
8976,0,0.2030127687445061
8977,1,0.5062451065673703
8978,1,0.5455869368126918
8979,1,0.5575781742057507
8980,1,0.5039816842632744
8981,1,0.5439707312804014
8982,0,0.4828448696966137
8983,1,0.5920068249797573
8984,1,0.5576196708568829
8985,1,0.5110768536221002
8986,1,0.5434440835305273
8987,0,0.3314084099980694
8988,1,0.5122857515360083
8989,0,0.49550841308546506
8990,1,0.5150618239692696
8991,1,0.5597320267808711
8992,1,0.5213874533513551
8993,0,0.4821917434032328
8994,1,0.5339995021625091
8995,1,0.5317485039882988
8996,1,0.5555550580080246
8997,0,0.44543157523561705
8998,1,0.5050384966316402
8999,1,0.6139665915277381
9000,0,0.41501563824491
9001,0,0.40884578073278194
9002,1,0.5680685836194079
9003,1,0.5391149333230687
9004,1,0.5717599769770079
9005,1,0.5087571702727003
9006,1,0.5789534441297011
9007,1,0.5311310456126317
9008,1,0.5039882994535645
9009,0,0.47983370035778755
9010,0,0.46930536047246274
9011,0,0.49484535964200493
9012,0,0.43198309873604424
9013,1,0.5217581582991283
9014,1,0.5733809423814221
9015,0,0.4539319128773023
9016,0,0.365545190799192
9017,1,0.5734522356870544
9018,1,0.6001455818876673
9019,1,0.5850887726501299
9020,0,0.3539176869772147
9021,1,0.5656919684074638
9022,0,0.4696813403132148
9023,0,0.4217108738386426
9024,1,0.5864932183865982
9025,1,0.6779996882739683
9026,0,0.3709932812030009
9027,0,0.3288483463486454
9028,1,0.5755083565412044
9029,0,0.464978152510396
9030,1,0.5891933416284071
9031,1,0.5736131031289705
9032,1,0.5908640733001927
9033,1,0.5002539055174227
9034,1,0.6222586667646534
9035,0,0.46901021603686377
9036,0,0.498618084122889
9037,1,0.61873435590923
9038,0,0.3241847968297926
9039,1,0.6123876279694167
9040,1,0.5975752948101009
9041,1,0.5147563734206042
9042,1,0.5201140067583891
9043,0,0.44285174354074314
9044,1,0.6565874179139627
9045,1,0.5391916197807602
9046,1,0.5361855242103477
9047,1,0.5251287741743466
9048,0,0.43392117312115935
9049,0,0.48522863222118573
9050,0,0.45480454747137716
9051,1,0.5097411282149713
9052,1,0.5757024990576749
9053,0,0.31669340024721193
9054,0,0.25916030275053703
9055,1,0.5881772373057642
9056,0,0.38967867465991884
9057,1,0.5899047947621443
9058,1,0.5660229743322082
9059,0,0.36850262738807005
9060,1,0.5226765308713727
9061,0,0.42586831201244063
9062,0,0.3178253752363797
9063,1,0.521729365979601
9064,1,0.5590996303614603
9065,0,0.2744777220214692
9066,1,0.5972109045724032
9067,1,0.5439198444872858
9068,1,0.5290930616503363
9069,1,0.6413875974765663
9070,1,0.5301729304879825
9071,1,0.593095876504819
9072,1,0.5427219061465444
9073,0,0.4606694580107151
9074,1,0.5889414891362211
9075,0,0.4534260194040074
9076,0,0.49739774883511145
9077,0,0.44185201835246324
9078,1,0.5229328663743653
9079,1,0.584672893681305
9080,0,0.4367438003854546
9081,0,0.43898133402432404
9082,1,0.5968203823761581
9083,0,0.4047890802018471
9084,1,0.5762044336532994
9085,1,0.569129002706798
9086,1,0.6835455187770321
9087,0,0.45184505069470526
9088,1,0.5910660150075987
9089,0,0.48999817956051456
9090,0,0.4853790693847745
9091,1,0.537510820451986
9092,1,0.5816354238213567
9093,1,0.5832495955020379
9094,1,0.6565116837146686
9095,1,0.5535112944379452
9096,1,0.557852096400633
9097,1,0.5280592648090932
9098,0,0.4758835105395974
9099,1,0.5098532389407093
9100,1,0.506976767232685
9101,1,0.548314636807948
9102,1,0.5150509499865871
9103,1,0.6030167965255936
9104,0,0.3962775591139191
9105,1,0.6114983830467058
9106,1,0.5095441479310238
9107,1,0.5425174329544608
9108,0,0.46767081555495876
9109,0,0.4198221902933001
9110,1,0.5677592712029627
9111,1,0.5991322390373223
9112,1,0.5432473258665113
9113,0,0.46100307918752476
9114,0,0.46228441244578083
9115,1,0.6349185126750089
9116,1,0.6002977893837593
9117,0,0.4798495850894321
9118,0,0.4539807874466553
9119,1,0.5536569338105377
9120,0,0.49329725011522085
9121,0,0.4836800935602178
9122,1,0.6024603588257155
9123,0,0.4708088081258682
9124,1,0.6478561034093395
9125,1,0.573417299045462
9126,0,0.46268636861639656
9127,0,0.25461548586171356
9128,1,0.6152046099718933
9129,0,0.489622958857664
9130,1,0.50876694008266
9131,1,0.6003209038595336
9132,0,0.48025552713681574
9133,1,0.6475955950373551
9134,1,0.5916871520725979
9135,0,0.4895283310621519
9136,1,0.5952674101747751
9137,1,0.5601982797996987
9138,1,0.5188119408604756
9139,1,0.5251782175086913
9140,1,0.6104662585545312
9141,1,0.5885519042521667
9142,1,0.6375922683956871
9143,0,0.3554717102894692
9144,0,0.47958991293951286
9145,0,0.4874926880102991
9146,1,0.52513096887027
9147,0,0.4925093175723861
9148,1,0.5840797625288527
9149,1,0.5160766027202235
9150,1,0.6199952342295282
9151,1,0.5737900597192047
9152,0,0.4222920113424761
9153,1,0.5253469759240159
9154,0,0.18062115590902428
9155,0,0.40069090888587866
9156,1,0.5399319641059994
9157,1,0.5732301634931124
9158,1,0.5347846451057533
9159,0,0.4502473775119193
9160,1,0.517805459905732
9161,0,0.4946869708985468
9162,1,0.6051842539890044
9163,1,0.5204897421650901
9164,1,0.5222879114411507
9165,1,0.5494008482036998
9166,1,0.6574389884827192
9167,1,0.5584381582831164
9168,0,0.47143298339012085
9169,1,0.629127649269934
9170,1,0.5134397985367984
9171,0,0.2996334184095905
9172,1,0.5568820327672845
9173,0,0.4453214335493203
9174,0,0.4918735528769208
9175,1,0.5892564031788897
9176,1,0.6066708364677513
9177,0,0.4863891636688539
9178,0,0.45455991103123633
9179,0,0.4204793672170986
9180,1,0.6184084211636616
9181,1,0.5841568024370617
9182,1,0.5114017020765603
9183,0,0.4755438433504747
9184,1,0.57857197180305
9185,1,0.5177569224229871
9186,1,0.5052677117753877
9187,0,0.2500437283505594
9188,1,0.6108625228440783
9189,0,0.3922972507727961
9190,1,0.5657271537992968
9191,1,0.5017741738167031
9192,1,0.5712433934323831
9193,1,0.5433416576420018
9194,1,0.5480343061380487
9195,1,0.6304725982538841
9196,1,0.606710133939388
9197,1,0.5580842238787618
9198,0,0.4807720971963283
9199,1,0.5597288911013707
9200,1,0.5571637634306185
9201,1,0.6437989617955331
9202,1,0.5939058329553512
9203,1,0.539423878848012
9204,0,0.31815879016466586
9205,1,0.6146097094083989
9206,1,0.6178604686855047
9207,0,0.49606036097188144
9208,1,0.592669268842663
9209,1,0.5721943885186228
9210,1,0.5171911864146885
9211,1,0.5119823671191047
9212,0,0.49556960769757635
9213,1,0.5234048488959703
9214,1,0.5430164797064763
9215,1,0.5824786956880534
9216,1,0.6518886946386322
9217,1,0.5509724452725272
9218,0,0.4921331357833901
9219,1,0.5774859128810197
9220,0,0.42013507339979256
9221,1,0.5740422038174605
9222,1,0.6021726441147423
9223,1,0.5739557793283337
9224,1,0.5896793490070087
9225,1,0.5622695926963455
9226,1,0.547911147163013
9227,1,0.5748033786592056
9228,0,0.4663193338535004
9229,1,0.5123893388786169
9230,0,0.47885556307164706
9231,0,0.27935823065381854
9232,0,0.45996737487569567
9233,1,0.5861277913618301
9234,0,0.43319403734136175
9235,1,0.5051888362084038
9236,0,0.48894300685168773
9237,1,0.6077225231619172
9238,1,0.5199275218897391
9239,0,0.2231847425598303
9240,1,0.5395099253969761
9241,1,0.5158505187788642
9242,1,0.6126979932310147
9243,1,0.541906678551372
9244,1,0.5133858863214512
9245,0,0.4954815694277169
9246,1,0.6074143855535067
9247,1,0.7155052688171439
9248,0,0.4858168766728038
9249,1,0.5088258987706564
9250,1,0.5916712195667461
9251,1,0.6194671847104081
9252,1,0.656923174020864
9253,0,0.4972865149227251
9254,1,0.6314953223176867
9255,1,0.5449678440818896
9256,1,0.5907874531672771
9257,0,0.4309487042568595
9258,1,0.5570735372403621
9259,0,0.22650911986471362
9260,0,0.4621818896894487
9261,1,0.5055668878980113
9262,1,0.5073128941800011
9263,0,0.3888044015069221
9264,1,0.5358727254817411
9265,1,0.5014499940413065
9266,1,0.5597409277578385
9267,1,0.5354702227983706
9268,1,0.5130413755658451
9269,1,0.5894001730092565
9270,1,0.5707137219785063
9271,1,0.5611422421948343
9272,1,0.5861088696308647
9273,1,0.6478537745507329
9274,0,0.48027066997966633
9275,0,0.47933139405587044
9276,1,0.5271228220723366
9277,1,0.6266969705031469
9278,1,0.5493349641175358
9279,0,0.45253515512332687
9280,1,0.5724321397843615
9281,1,0.5068517829796211
9282,1,0.5875555413208476
9283,1,0.5506221741286621
9284,1,0.572408199611038
9285,1,0.5966038073393775
9286,0,0.4804538436139829
9287,1,0.5936211648977867
9288,1,0.5412659347736374
9289,1,0.5222943837077554
9290,1,0.5699350289438534
9291,1,0.5443622615604934
9292,0,0.44704840120868294
9293,1,0.5093807529004445
9294,0,0.3705901037159663
9295,1,0.6637919893331065
9296,1,0.5484914077361006
9297,1,0.6363769048158835
9298,1,0.5010317208479212
9299,0,0.4843650612000477
9300,1,0.6004117321433577
9301,0,0.4565549173188545
9302,0,0.4938081426429646
9303,1,0.5181217818627699
9304,1,0.5908075913797066
9305,1,0.578516438612949
9306,0,0.36625890749603623
9307,1,0.5681663222743748
9308,1,0.5572314677296724
9309,1,0.5583776047828624
9310,1,0.5496095790254941
9311,0,0.46130176718407584
9312,0,0.41565479250574056
9313,1,0.5488904493849476
9314,1,0.5629845645142734
9315,1,0.5161616564974806
9316,0,0.49273666962254925
9317,1,0.5577857227808604
9318,1,0.6174188651323417
9319,1,0.5137770224899307
9320,1,0.5331896411720023
9321,0,0.4226637776094645
9322,1,0.5345970170163021
9323,1,0.5206704493163895
9324,1,0.615694260301717
9325,1,0.5223616408309926
9326,0,0.4717287860096237
9327,1,0.5714146066490073
9328,1,0.5311959626341883
9329,0,0.48329738429997254
9330,1,0.6090908733690792
9331,1,0.5120851578832848
9332,1,0.5782153334482348
9333,1,0.5139598865444097
9334,1,0.5819658881865896
9335,1,0.563617652131507
9336,1,0.5821630728284134
9337,1,0.6805315370352916
9338,1,0.6553415855116331
9339,0,0.35089001018395005
9340,0,0.47830714397036456
9341,0,0.45578978064405057
9342,1,0.5310163823108558
9343,1,0.5050760318988148
9344,0,0.48559022189107953
9345,1,0.5655503925466278
9346,0,0.4176936392096874
9347,1,0.6093880229741041
9348,1,0.5238323982692911
9349,0,0.4321898684898146
9350,1,0.5404857766744149
9351,1,0.5835129620683402
9352,0,0.3935625745979301
9353,1,0.5259582367038689
9354,0,0.46760604319754007
9355,1,0.6457837574178447
9356,1,0.5685448956043212
9357,0,0.381150398170043
9358,0,0.4845458282309891
9359,1,0.6572134240946088
9360,0,0.47092494508861255
9361,1,0.6316058803192777
9362,1,0.556345485712708
9363,1,0.5397489604395684
9364,1,0.583898462299406
9365,1,0.5887973569713894
9366,1,0.677355550612604
9367,1,0.6279879454362475
9368,1,0.5138875347229335
9369,1,0.5489485432376986
9370,1,0.7070268884596262
9371,1,0.6899158206346814
9372,1,0.6482833887247657
9373,1,0.5504215822256662
9374,1,0.544057105393287
9375,1,0.5576564758214567
9376,0,0.4913581770792856
9377,1,0.5051544969565076
9378,1,0.5112897046244208
9379,1,0.61892059042894
9380,0,0.4340441078223119
9381,1,0.5083552912318201
9382,1,0.5238989943739677
9383,1,0.5683851634426803
9384,1,0.5021898735609672
9385,1,0.6733253566947627
9386,1,0.524496709787799
9387,1,0.5633769278934464
9388,1,0.527105671389074
9389,1,0.5848589259691528
9390,0,0.22184508190265914
9391,1,0.5451274828427636
9392,1,0.5280446321305444
9393,1,0.6848807603199176
9394,1,0.5396257230102954
9395,1,0.5647588357227314
9396,0,0.38595609684547616
9397,1,0.5262937764840031
9398,0,0.4815959129248602
9399,1,0.5256230098455533
9400,0,0.49820289063888096
9401,1,0.5113422276062926
9402,1,0.6663886127014237
9403,1,0.5842773161176906
9404,1,0.5800117225003186
9405,0,0.486999589619357
9406,0,0.470658807876269
9407,1,0.6027255057082532
9408,0,0.49464863612418497
9409,1,0.6126574777696617
9410,1,0.5898681984906538
9411,0,0.4450649772051935
9412,1,0.522655721049536
9413,1,0.5607682374937143
9414,1,0.5704203863589197
9415,1,0.5028177823565556
9416,1,0.5326798925823413
9417,0,0.41171231627720145
9418,1,0.545449687438401
9419,1,0.5700456696591774
9420,1,0.5027302399734208
9421,1,0.5186402922709415
9422,0,0.4658427812510853
9423,0,0.4380698194738487
9424,1,0.5833813512080978
9425,1,0.537768724454183
9426,1,0.5878903275710691
9427,1,0.5645282877953902
9428,1,0.5352082898698255
9429,1,0.5308521278497358
9430,1,0.5335544384327894
9431,0,0.4501796072120464
9432,1,0.570208440266637
9433,1,0.5549945019079919
9434,0,0.4539043987904041
9435,1,0.6387235501139211
9436,0,0.49696046203154
9437,0,0.35224681891245546
9438,0,0.4592516830829138
9439,1,0.5490982631436607
9440,1,0.6583190883384574
9441,1,0.5789553792292101
9442,1,0.645543419885617
9443,0,0.48795244675101335
9444,1,0.5009489804468445
9445,1,0.5763190515177631
9446,1,0.5511871798105394
9447,1,0.5230435185624179
9448,1,0.5584101020272236
9449,1,0.6141878386339764
9450,0,0.43982531622723536
9451,1,0.7365421609252878
9452,1,0.5960707167210857
9453,1,0.6028772404879823
9454,1,0.5231924200222051
9455,1,0.6427664414548393
9456,1,0.5131570135366497
9457,1,0.6166380745323121
9458,1,0.5094607822138298
9459,1,0.5554024808158574
9460,1,0.5650403363932344
9461,0,0.4438324247194064
9462,1,0.5160270680754199
9463,1,0.5133506584701805
9464,0,0.40286584555927624
9465,0,0.4336137286828899
9466,1,0.5502362567522359
9467,1,0.5228336611958563
9468,0,0.4452467612740237
9469,0,0.4302306628296925
9470,0,0.39487960190883864
9471,1,0.5551677851646288
9472,1,0.535291768278168
9473,1,0.5332815245094221
9474,0,0.46281567483001407
9475,1,0.5205668117396475
9476,1,0.6397964137014099
9477,0,0.48342693206776044
9478,1,0.6531421653873247
9479,1,0.5030944125826491
9480,1,0.6048624997701397
9481,0,0.4554307850119715
9482,1,0.5151668711592688
9483,1,0.5280090139880386
9484,1,0.5265900233851228
9485,1,0.6031471104757307
9486,1,0.5206567377338571
9487,0,0.4445400318797012
9488,1,0.5886623852329628
9489,0,0.4602689324713763
9490,1,0.6438186873926105
9491,1,0.5818862986404308
9492,1,0.5876645817246392
9493,1,0.5717229993251416
9494,0,0.478346735166306
9495,0,0.4711569383671471
9496,0,0.4799859693033275
9497,0,0.41997363355965445
9498,1,0.5298148614074202
9499,0,0.4811638811025533
9500,1,0.5466885369256208
9501,1,0.5614796411360672
9502,1,0.5345219450225367
9503,0,0.47576371383181837
9504,1,0.5358559042602995
9505,1,0.5015437787446798
9506,0,0.4825523578388381
9507,1,0.5224590450082139
9508,0,0.4643669528718017
9509,1,0.5538433475661536
9510,0,0.3595542497040913
9511,0,0.48540131483178023
9512,0,0.4399501704043775
9513,1,0.5502552997470995
9514,1,0.5208702103426976
9515,0,0.46262745385823206
9516,1,0.5035745360026309
9517,1,0.5508174782387496
9518,1,0.5740995616388581
9519,0,0.47503049531321245
9520,1,0.633706224454441
9521,1,0.5453350454033814
9522,1,0.5984171517021798
9523,1,0.5667591974982751
9524,1,0.5228669642940653
9525,1,0.6472284236021176
9526,1,0.5925210514528354
9527,1,0.5978131655811301
9528,1,0.5760058591759246
9529,0,0.4826996241969878
9530,1,0.5549653294271468
9531,1,0.6061217832013631
9532,1,0.5764866355129689
9533,1,0.5028815882871198
9534,1,0.6482718470476007
9535,0,0.48456601663662036
9536,1,0.5781556343343162
9537,0,0.4221668958182987
9538,0,0.45129480355999885
9539,1,0.6596842067127164
9540,0,0.4254603376405864
9541,1,0.5462199958694637
9542,0,0.37273809449934064
9543,1,0.6027876269741794
9544,1,0.6486864598858496
9545,1,0.5476953276785376
9546,1,0.5194363965712653
9547,1,0.532355549761702
9548,0,0.48998449802575067
9549,0,0.2783418812321352
9550,1,0.6145073739636484
9551,0,0.4458258606062763
9552,0,0.4837164128572024
9553,0,0.37803165065560645
9554,0,0.4976979929913202
9555,1,0.5182459270012151
9556,0,0.4401230718557795
9557,0,0.46269127536736443
9558,1,0.549408807641042
9559,0,0.38705791623115987
9560,0,0.4778580909282421
9561,1,0.7057386990550917
9562,0,0.45310116246424653
9563,1,0.6000626997826953
9564,0,0.4847968725252862
9565,1,0.5411339437560648
9566,1,0.5081917541634006
9567,1,0.6345968032334885
9568,1,0.50543704890042
9569,0,0.3422920888747927
9570,0,0.4281117614799006
9571,0,0.3560030935970977
9572,0,0.48491671294462174
9573,1,0.6095018184560657
9574,1,0.583231469353222
9575,1,0.6145018700684096
9576,0,0.47002342846275513
9577,1,0.5193002041725805
9578,1,0.5377826306295522
9579,1,0.6447740586363293
9580,0,0.3598564714092749
9581,1,0.6049401391449334
9582,1,0.5149923519661034
9583,1,0.5510667084084613
9584,0,0.4239890844066931
9585,1,0.5289215232976703
9586,1,0.6615476813312323
9587,0,0.44072929106179193
9588,1,0.5332547790655608
9589,0,0.3673088424246471
9590,1,0.5870383031372718
9591,1,0.6956945250973162
9592,1,0.5853171635409508
9593,1,0.5524891121372008
9594,1,0.5474877687862323
9595,1,0.5310328508223034
9596,1,0.6239581307996287
9597,0,0.49176982690646875
9598,0,0.3714322562446579
9599,0,0.40344903178175134
9600,0,0.35867127511082264
9601,0,0.4178341092480773
9602,0,0.46710633113513333
9603,0,0.40059261917742256
9604,1,0.5833330155470793
9605,1,0.5181656153394812
9606,1,0.6036463832447297
9607,0,0.3748472778057572
9608,1,0.5664831326866404
9609,0,0.4407531692961362
9610,1,0.5220578003292513
9611,1,0.5458835121591061
9612,0,0.41362078631084453
9613,1,0.531326485038639
9614,0,0.45806504490592825
9615,1,0.5269159830839032
9616,0,0.47906405183459283
9617,1,0.5286265228990049
9618,0,0.4885726590564645
9619,1,0.6482173821488109
9620,0,0.4011716389470105
9621,1,0.5917486970769869
9622,0,0.4903720387165936
9623,0,0.3622180924660444
9624,1,0.5561121266647485
9625,1,0.6245739020056389
9626,1,0.5956667431545856
9627,1,0.5087105598947431
9628,1,0.545965862781586
9629,0,0.49083515410946615
9630,1,0.594157230965158
9631,1,0.5732192050221045
9632,0,0.39855074601326584
9633,1,0.5501275072716465
9634,1,0.5343581020443745
9635,1,0.5352505494707731
9636,0,0.4496742246364561
9637,1,0.6012902222004762
9638,1,0.5608771270965855
9639,1,0.5260277914859802
9640,1,0.5196850854615042
9641,1,0.5742441601247357
9642,1,0.539768668667211
9643,1,0.6063147816970874
9644,1,0.5076622296475437
9645,0,0.4954511238426772
9646,1,0.5041829786564048
9647,0,0.4749099309174016
9648,1,0.5089968888797584
9649,1,0.5231347664442711
9650,1,0.532359916784223
9651,1,0.511858557266701
9652,1,0.5591333381551357
9653,0,0.40882477409793605
9654,0,0.41287393376832576
9655,1,0.5414200401113246
9656,1,0.6818319505458664
9657,1,0.5543804533799518
9658,1,0.5998684286545869
9659,1,0.5066226007378429
9660,0,0.42754847857058675
9661,0,0.47410243023224663
9662,1,0.5602805844535221
9663,0,0.48192169685298175
9664,1,0.5435511692597566
9665,0,0.4308918169615589
9666,1,0.5031364301398137
9667,1,0.5016760897356266
9668,1,0.5293321769576927
9669,1,0.6174245708316269
9670,1,0.5526005424281317
9671,1,0.5154096890224859
9672,0,0.4177898868620814
9673,0,0.4777281749738546
9674,1,0.6875170612606659
9675,0,0.399639528888025
9676,0,0.3854079967638305
9677,0,0.35889733702030285
9678,1,0.5739180197272772
9679,0,0.3778243137005594
9680,1,0.5179448819848719
9681,0,0.43861722811601056
9682,1,0.5559468459579147
9683,1,0.5649719031203932
9684,1,0.5032890072688043
9685,1,0.5726308063994563
9686,1,0.5278760218844293
9687,0,0.37729705679904013
9688,1,0.6131301988765082
9689,1,0.5921647351243446
9690,1,0.5602261520691847
9691,1,0.6494433652025492
9692,1,0.5756915025995649
9693,1,0.630259230290288
9694,0,0.36386055840853476
9695,1,0.5128475161542072
9696,1,0.6395889162262995
9697,0,0.45501956198275023
9698,1,0.5026638821163032
9699,0,0.35821715228431594
9700,0,0.47940010793389515
9701,0,0.47514663018165865
9702,1,0.6248233793720862
9703,0,0.46797891801419433
9704,1,0.5643804657344141
9705,1,0.5172512964547933
9706,0,0.46627424755237973
9707,1,0.5471764470123588
9708,0,0.40039908862700174
9709,0,0.4424334454588654
9710,0,0.44248305376570973
9711,1,0.6439671905753077
9712,1,0.5622946878253123
9713,1,0.6358668451730931
9714,1,0.5909568153404366
9715,0,0.3813972240831457
9716,1,0.5815203377574505
9717,1,0.5318980511595626
9718,0,0.47604472116805713
9719,1,0.589183467075836
9720,0,0.499280836458363
9721,1,0.510557275399604
9722,0,0.4177691770351795
9723,1,0.5932876898014187
9724,1,0.563769204789933
9725,1,0.5196331509597282
9726,1,0.5319682669677634
9727,1,0.5936581002836938
9728,1,0.5091263731525613
9729,1,0.6327064157397104
9730,1,0.5134489291522074
9731,1,0.5772246522078643
9732,1,0.6529696108539699
9733,0,0.38073965013948136
9734,1,0.6656305753703274
9735,1,0.5195760427705443
9736,1,0.5107973531434555
9737,1,0.5237872297093903
9738,1,0.5201386765801972
9739,1,0.5673773277769967
9740,0,0.2451082012641456
9741,1,0.6347943309201156
9742,1,0.5661143511159766
9743,1,0.537902024065106
9744,1,0.6560398041447485
9745,1,0.5880428043295489
9746,1,0.5693603371410405
9747,1,0.5610620511577494
9748,1,0.5167648036349609
9749,0,0.43107259508048107
9750,0,0.48496941758989237
9751,0,0.43069648297020513
9752,0,0.42922469434294125
9753,1,0.619429234276955
9754,0,0.4673611743580282
9755,1,0.5445878189709467
9756,1,0.534073700858133
9757,1,0.595645373945414
9758,0,0.4986627659123879
9759,0,0.4486955374998916
9760,1,0.5009363973087905
9761,1,0.673692193030551
9762,1,0.585023981234798
9763,0,0.4944613162921443
9764,1,0.5750909969546522
9765,0,0.4169814425724542
9766,1,0.5844854142070897
9767,0,0.4081960990864903
9768,1,0.5939662779760684
9769,1,0.5810049834762273
9770,1,0.5453852705615512
9771,1,0.609011233496934
9772,1,0.5599383117270027
9773,1,0.5397033720275584
9774,1,0.6184049814119714
9775,0,0.4380739045796791
9776,1,0.5206690644360411
9777,1,0.7199673319467134
9778,1,0.5578881026787399
9779,1,0.6153910423658882
9780,1,0.5860175039224305
9781,0,0.45850740562101616
9782,1,0.5927829371884705
9783,0,0.4347898704379311
9784,1,0.5408652264240641
9785,0,0.4766373904188736
9786,0,0.49709214146874575
9787,1,0.5989198286171318
9788,0,0.43789226734415565
9789,0,0.47811072803991406
9790,0,0.46782184817152556
9791,1,0.5697155221568806
9792,0,0.3864764859693526
9793,0,0.4825819267849629
9794,1,0.513626833649761
9795,1,0.5183458444384853
9796,0,0.4616826987343487
9797,1,0.6895022280703623
9798,0,0.47395601482648914
9799,0,0.46074076623967847
9800,1,0.5111557636842351
9801,0,0.4511771721071406
9802,0,0.35736991595496864
9803,0,0.43968915143502535
9804,1,0.5885163852476644
9805,1,0.7166089250171933
9806,1,0.5187780322249083
9807,0,0.327861601019157
9808,0,0.4688763866030491
9809,1,0.5171661513685093
9810,0,0.3808864100713951
9811,1,0.5769864764256155
9812,0,0.43139110434920563
9813,1,0.5416191414767523
9814,0,0.4250992746140021
9815,1,0.5427469789993886
9816,0,0.37677808378586874
9817,0,0.4415571953242412
9818,0,0.4377683478009978
9819,0,0.44053844581115953
9820,0,0.40581835619630924
9821,0,0.3854243758106764
9822,1,0.5237087940154288
9823,0,0.47316855909653577
9824,1,0.5176031299949747
9825,0,0.44269253282815363
9826,0,0.45795134566316353
9827,0,0.4621615160403436
9828,1,0.5579695332409053
9829,1,0.6019952909608227
9830,1,0.6206184180914378
9831,1,0.5875445448606119
9832,1,0.5949132001702663
9833,1,0.5935253678579169
9834,0,0.23307006995465235
9835,0,0.437832709848665
9836,0,0.4983821519807359
9837,0,0.3477011284730872
9838,0,0.44724040371287754
9839,1,0.5998141823399008
9840,0,0.45666175447980967
9841,1,0.5463064500518527
9842,1,0.5275983338154127
9843,1,0.5500357751370312
9844,1,0.5517257060675446
9845,1,0.5098701179425948
9846,1,0.6122644868688122
9847,0,0.48315197223030565
9848,1,0.5107001544462642
9849,0,0.46322876109895955
9850,1,0.586361991142808
9851,1,0.660945712156468
9852,0,0.4873655815065915
9853,1,0.5452523671521801
9854,0,0.47957365534275037
9855,1,0.5183051853458883
9856,0,0.49549579424986107
9857,1,0.5170411996287915
9858,1,0.5141513627674464
9859,1,0.5889094580538532
9860,0,0.42250771490643413
9861,1,0.6654953715237176
9862,0,0.4629903480875999
9863,1,0.547450518080702
9864,0,0.47367021338662957
9865,1,0.5983903340988785
9866,1,0.5338710837938135
9867,0,0.4286696608202786
9868,0,0.41638221851393564
9869,0,0.4723043877239158
9870,1,0.5775354774258804
9871,1,0.59902498572318
9872,0,0.405861623580562
9873,0,0.47270171595122307
9874,1,0.5528689562257784
9875,0,0.44458966481856876
9876,0,0.4744178453638946
9877,0,0.4054068293057338
9878,0,0.4548793233446785
9879,1,0.503212157527087
9880,1,0.5219782874203507
9881,1,0.5318343114374301
9882,0,0.421294849631827
9883,1,0.6155503153600627
9884,1,0.6017417872420313
9885,0,0.3817092780233923
9886,0,0.36972284058693355
9887,0,0.4971197296461385
9888,0,0.4815633989086531
9889,1,0.542956886327507
9890,1,0.5142640102852777
9891,1,0.5366305164886007
9892,0,0.4131600572442502
9893,0,0.46068899315842204
9894,1,0.5374591079453439
9895,1,0.6405302371930414
9896,1,0.6277507316630263
9897,1,0.5299556375897279
9898,0,0.4435155944440759
9899,1,0.5515234532442674
9900,1,0.5096254221583362
9901,1,0.6310003792982827
9902,0,0.45944362267569355
9903,1,0.5452514868514553
9904,0,0.4182085205782268
9905,1,0.5450599889821657
9906,1,0.5087615235870582
9907,1,0.5702610013148163
9908,1,0.5649913113411529
9909,1,0.6097716965022852
9910,1,0.5261285739909547
9911,0,0.43284236109770846
9912,1,0.581361239859703
9913,0,0.44046220631672
9914,1,0.5054001934291348
9915,0,0.4089204739378863
9916,1,0.5565739936608977
9917,1,0.5021713617430547
9918,1,0.6213949220689118
9919,0,0.4025668125599191
9920,0,0.4301689780908473
9921,1,0.5798171411023776
9922,0,0.4599700797602043
9923,1,0.5592792767358453
9924,1,0.5837266272368062
9925,0,0.4059367569881727
9926,0,0.4267435116992942
9927,1,0.5764671299970787
9928,0,0.47960215101290593
9929,1,0.5044370763257786
9930,1,0.530066273221345
9931,0,0.472789633256674
9932,0,0.4587829675249421
9933,1,0.5695908257872749
9934,1,0.5594308833006557
9935,1,0.5757681326275328
9936,1,0.5684889385749831
9937,0,0.4831706126904068
9938,1,0.5834506431164593
9939,1,0.6174124236262314
9940,1,0.5529365966517062
9941,0,0.3326035215563592
9942,1,0.535247800843919
9943,1,0.5202752294171211
9944,1,0.5177906514431415
9945,0,0.4800700987310191
9946,0,0.38261968147057707
9947,1,0.5781842280481462
9948,1,0.5599604292730509
9949,0,0.43542455416668585
9950,1,0.559164491986788
9951,1,0.5248955840384742
9952,0,0.29995937281065693
9953,1,0.6956991093569139
9954,0,0.47370513524845237
9955,1,0.5762836333551734
9956,1,0.5533414322294178
9957,0,0.3973905035086382
9958,0,0.4228293973923999
9959,1,0.576257914767351
9960,1,0.5256415704708156
9961,1,0.5430688959278261
9962,0,0.4655306243699379
9963,0,0.4541474023789635
9964,0,0.42528964228511634
9965,1,0.5397799916163214
9966,0,0.40887286649416793
9967,1,0.5979159630222541
9968,0,0.4582622438582659
9969,1,0.6025354809765378
9970,1,0.5722314328760099
9971,1,0.5301325338299955
9972,0,0.3718260868653996
9973,1,0.502102196852697
9974,0,0.4606720521033577
9975,0,0.46278064578806777
9976,0,0.43282461082109275
9977,1,0.5237216412220663
9978,1,0.5168575025282603
9979,1,0.5128780597795041
9980,0,0.2736360671202102
9981,1,0.6301692199643669
9982,0,0.4736462549251194
9983,1,0.6042261548009572
9984,0,0.47825117701960884
9985,0,0.4879011828363134
9986,0,0.4289453991125884
9987,1,0.5044692668802864
9988,0,0.4640861858639709
9989,0,0.49276909776250744
9990,1,0.5219660240328156
9991,1,0.5029047210201211
9992,1,0.7527015149567916
9993,1,0.5437443273635774
9994,0,0.45054634465169074
9995,1,0.6038244834378093
9996,0,0.3508055785210511
9997,1,0.5944853316466053
9998,0,0.4930313944880265
9999,1,0.5664995310938646
10000,1,0.5298819534249735
